Emulated Delay, N, Mean, Standard Deviation, Lower Limit, Upper Limit, Margin of Error
20, 1000, 40.791510343551635, 6.933848137205402, 40.362, 41.221, 0.430
40, 1000, 80.69052624702454, 7.1295169572485875, 80.249, 81.132, 0.442
50, 1000, 101.06144309043884, 7.086009817142551, 100.622, 101.501, 0.439