Experiment No, N, Mean, Standard Deviation, Lower Limit, Upper Limit
exp1, 1000, 0.040791510343551635, 0.006933848137205402, 0.0404, 0.0412
exp2, 1000, 0.08069052624702454, 0.0071295169572485875, 0.0802, 0.0811
exp3, 1000, 0.10106144309043884, 0.007086009817142551, 0.101, 0.102